Normal,Log,Exponential,Power
10.5626375597685,2457.5922975966178,6.447842102537364,0.6323626636870008
9.526518233398829,408.4026842061674,0.9057031895029959,0.818822574292562
14.098042936960693,1243.7323766773673,5.713380690199948,0.8007408671509035
17.14407170294259,785.7095192310118,0.3311891157559032,0.8787279530433793
10.588781820904718,757.2277300613173,1.2870102614846042,0.6696978355368883
7.40109140228445,1275.4639760621624,5.286058823609189,0.8415001648269781
11.101328709972792,5390.323227820085,2.920606119141146,0.6248046005519129
12.350833031070854,226.91828945577,2.5137174936681967,0.7789017349756266
13.346989868708436,3717.7739229449785,0.49776666913919,0.8268386171402624
9.798985298817414,281.9376127699108,10.469717422828467,0.5342148417872536
11.173973686721313,1079.48152666199,0.008673614199667001,0.955597214132463
10.055436297806875,557.0539306191699,4.4277878250225084,0.7489894143221021
11.499995234050273,476.598338964486,4.022452931562865,0.983864357472914
18.53135724730673,2366.7627185611764,2.322530259319906,0.9937243807632573
14.591976440684489,423.7547644895366,14.229297556584303,0.5432027302241287
8.93261612509475,557.7984906156195,4.749991150045895,0.8855920465495886
14.177351519646463,361.4224590047683,0.18971211581275682,0.6855580052467858
14.74037908442945,1672.0835798716316,9.381937623790085,0.5655799741379575
2.533130733444155,577.0674813179176,5.183882873185737,0.4838008290203178
9.454523968778314,1043.6092492969156,4.3050468519853515,0.6325403291812961
6.889210947848508,280.5535701162964,4.6271915952577825,0.740459272954401
14.801975928162511,281.71160630148535,0.1855683737443162,0.9603748252575793
13.487873213780828,930.0339326786689,7.578587113999586,0.8921666177198717
13.934641751640633,293.3177428667786,3.4076411879092237,0.7708752998413879
9.652326388086552,506.70966353593576,1.6196558583872094,0.6672085229217302
13.821056465309727,174.86353219553607,6.087698523714009,0.7328014826394912
13.35013970567,2817.991731722643,0.5595879710743121,0.9223467660429386
6.853996282360784,507.80393461580496,6.05652376948642,0.6077034125332909
9.988427246702312,4361.711628209256,1.8311144285542615,0.9991049423014753
16.011520850861853,233.01596458634805,8.441787490990805,0.5992212344607448
13.610326936459048,2197.330555743479,0.5490173937242847,0.907044271274137
21.975566373339433,3033.797534802853,0.0026325571224208462,0.8868952248701806
21.339469250279727,1886.4269436633163,7.224158147250724,0.8233842856741981
13.986306606924243,914.9185339610128,3.875799270675763,0.6486935120973772
16.77088358846191,74.45427770385605,3.5409923432197328,0.3264540631408663
8.413319686587982,1450.1638280544048,4.869427075276196,0.6452465389758343
22.682562979409635,1022.9109491807355,0.20504161709301416,0.5376917824733186
17.54091152188725,499.71821924362257,0.4388508981078976,0.7149789839888819
6.610056185026197,148.1973966923687,0.24066565467650403,0.7953608551815057
13.85956995606967,666.9725112150924,1.2222938603971156,0.7327486837373817
14.180421519828034,735.8674760858316,0.7545209618889518,0.9639098322315108
13.43922759778954,88.89660202324524,0.15974222586862533,0.7072747258660503
19.874074371035338,102.03878934030003,0.5925500636643706,0.4263535329720956
7.5785646702568075,955.910727356683,2.33076858748211,0.9305811554453175
6.73311499226952,728.7484980253674,10.256346406323598,0.7071608038933337
10.405550634648508,217.529066002852,0.053542512935544,0.8228085148434903
9.284587094195732,483.4743917617772,1.3602834111540487,0.8822445622817124
12.442128758390753,496.1690713980463,6.236941222726688,0.8581937871568924
14.775767691089085,223.2130747164837,5.024909897578784,0.9456810115563185
14.326962078025854,2067.690008557482,0.333769518310075,0.607447514945327
3.5534361986590763,224.77343710285444,8.459426844078669,0.7614040085489551
18.36014936557202,3007.946453515712,1.0324942262019274,0.7848005463800876
16.79429139339418,315.90744194303244,2.42068309375172,0.7795073712212564
11.67856297744274,734.6737202232584,1.2452595391951005,0.3439701899253882
15.782936720778153,2027.3031036620375,3.4599784334634474,0.5844388587884417
18.732436335754045,1499.2901700302225,0.33038744459364694,0.9195924575998599
13.0628790782632,121.77603288224246,0.525635068679362,0.7229157124321022
12.267941386446278,1437.9444150060096,4.822517952810428,0.6850875238869043
13.973436133905672,795.9775994063734,6.103897201796562,0.877266483472009
15.33248579639633,998.3322828683412,0.04324824545643258,0.7614187383803817
12.401914207580079,873.8009926650184,3.593581681155966,0.43327624234697243
5.881666430314783,1879.4232794173984,4.430673740980178,0.3796852035078193
13.91091326840326,93.95601701409902,2.021881474794068,0.6460237183485549
7.059335289003086,7989.833808389844,3.077016228546081,0.7222448518949739
14.49239397266819,309.7851049700856,5.0146243364575245,0.6097701744685683
10.217659390507922,1052.6884347905466,0.13249936326325168,0.9966875100589415
11.092595824749177,612.0439474826973,7.72969509571683,0.9445561432500299
10.136845708781998,157.20543347344733,1.610249824967507,0.45475197556819735
15.945530566437835,666.8325901498116,11.655280549951357,0.22737183597081687
13.74456446687393,162.85219900971663,0.23701099527510158,0.7857665592051654
8.530610896583145,988.6177786001265,5.5707789094937095,0.30215673301312507
17.997738631009433,866.0063622427767,2.7507134919370095,0.5469498469784915
2.3887582874716067,760.0405599865767,0.0031667616369811485,0.9969071499542694
8.099825886430711,1471.039912679031,12.066367881095374,0.8583497860221775
9.001529399826714,447.1824886734121,0.699124735113265,0.6123657049412744
11.38510669823647,330.77745479444,0.37090843861992173,0.9214415263475434
8.494715895980008,1225.198447056021,14.218003913209323,0.7941590345692165
5.7410672497988156,560.923969601882,2.4880338597958893,0.5123914609119531
12.953855916361372,960.3992409288846,1.0538320412276962,0.8470091903369791
9.306019451775757,929.804777725183,0.6868211315491203,0.7267836400951047
15.155398979277647,359.7823286413955,0.02826887587776348,0.4583874929371982
11.493610949160859,201.31798214767903,8.467688924791481,0.588941183967635
17.749408158635802,443.8798683477838,0.6253462840001108,0.9991518477404531
13.466511808780966,660.3732106973553,4.185659547429784,0.9652563832036306
13.20313309771777,686.4841404452465,0.16346536394595335,0.7421239334361707
9.702440040736835,748.3411875742012,2.619802034584559,0.9698922835083932
14.267563437046537,1268.923227768326,6.522005637120869,0.4631540312559214
9.620170156099107,867.2929394979884,1.5748407777896567,0.5923547506665974
10.13228663036048,174.9539954238681,0.9398702110336441,0.8891331993041547
14.646405026495119,10860.018007615212,4.960842419935132,0.9182162827437323
12.62576655694469,2999.695595449306,0.04257306801934907,0.7124512454282136
12.12244818853025,847.2852269363083,0.31744169813695045,0.5442330734007166
9.593601578465762,221.8792369478371,3.7622993366210995,0.3743566202344828
15.50677429306254,2248.004587776475,3.6258755166613805,0.8088441312011536
14.157568576414391,1415.5954045677988,2.7096816573587272,0.45740430147144207
16.343873344945457,1796.4838525832706,2.58822345332826,0.5696364931303715
17.227315266807192,581.1509370710384,3.2514922371974238,0.6185308987488286
14.77589283941,363.1805900874163,4.506762803040281,0.4722398658306413
13.70221362744126,496.2462547311878,0.538249184020907,0.9529632392426769
8.795414683124836,377.1449056832286,7.3328440803955806,0.26420517430379376
15.135653928786573,240.142889730469,0.91285189875222,0.35330222466829997
19.524889792907242,2106.3251117043474,2.831508479124327,0.8624367032399238
6.771700609944231,311.3755504517459,3.6718855439726164,0.33655769046698
14.268307754920336,1801.0643032708992,8.397785070857298,0.5367566608314983
15.549720690671174,893.7598650559296,1.823596159222317,0.6108650311790834
12.169588545538126,104.34764143161179,2.2460387819622363,0.899516404444872
12.109327274846061,847.0635186729371,1.6565101141877538,0.9627903117487004
8.622135317686467,302.6688656741857,3.321657326778926,0.5057853304341546
13.609844216836759,361.366352658176,0.3342845278491779,0.7226077174346747
12.317803429713923,3803.6798523692114,8.334093390432079,0.7950459177722843
15.127036959059573,8006.7478875799425,0.0726485147369061,0.63809084703475
1.8835053894454674,442.7677347070593,0.5689896623914436,0.9559501131005692
16.840505733451543,616.0672047599489,0.6772409178157162,0.9039230435975775
5.869461187023199,1295.4694165415744,2.224505648808188,0.634254421129946
5.7166674031127,3403.7512648243037,7.146268738205105,0.5118435118454558
13.962999349831666,2060.6363410219005,4.76324671671128,0.18934016857615724
14.06776570180376,275.6613047763977,5.412184905440931,0.8820545829899482
11.588731914215064,2001.8972994831706,0.09494591668584741,0.9854143230397425
14.333814257984734,196.77678530671548,3.8739521976791127,0.9751398472014463
18.132955096251813,336.5902334648485,5.672386168641877,0.7069295719241426
10.631590491456263,1814.953310629421,8.354496521568242,0.3126888170500431
6.571513166810437,3655.0450231707905,0.2135571348131533,0.8346768840200768
14.784044769805247,468.3548436019103,3.5958720582890913,0.7717604353170316
11.47632889633478,1025.7062723744457,2.327029394677796,0.7901133412303674
0.781562960325699,203.01899065698183,1.9810405193107485,0.8969280303210331
17.372044527307,804.996242760693,6.467297703570033,0.7702134719027858
11.446498672367834,2273.169086574978,4.720081084597574,0.2668381274833958
8.58216120382481,232.4338895679532,0.029044500581406313,0.9236685722625275
10.083224384288552,108.63916037455687,2.76354621085086,0.6872209830493559
8.352232063697436,518.60657433071,0.7369659075392877,0.6969508637047982
4.464803980192688,320.4881724224037,0.7811755218981047,0.7558112210986054
9.611158684913503,136.8406654803575,1.3477244473386394,0.596684831796197
9.437623262665245,471.0714145681551,4.345615201392441,0.5938576270190064
11.531191857894484,202.03831043387967,0.3459073838805687,0.9103340324663787
7.249188145307465,614.1026104072089,3.094402688575137,0.1617755132595386
12.508928450888828,1571.4096364090103,3.094383172165083,0.9814369136609896
9.822759332864337,1486.2166805796785,0.9592128849600485,0.28820817375628105
15.433042262568726,926.8274136020331,1.205664719989967,0.9914202262218379
9.61517979234959,1626.6117632259106,13.327615546800224,0.5144796307011558
14.628047833420865,1413.4106453431136,1.146788878566679,0.6294783669784215
16.762653901391115,2226.0422390340527,5.961564000053842,0.629075621262336
4.656957312767492,1574.8517072275486,1.7424502322311792,0.5819696383382357
4.369646003381705,847.4249817355508,2.340145303364178,0.8319049282251838
9.819378449761189,513.4206316025934,9.557275144827992,0.645018848536911
17.596714839559166,228.6008152679951,0.8275388518073257,0.6906667117975273
15.386567559862605,614.4153701168249,0.11603147282151556,0.20801581141240205
15.426092996314289,598.2911238184124,0.6726837260928268,0.6909377594360269
9.21903120535577,826.819692969213,2.7496628324623438,0.7865839054672015
10.72957986140507,1158.2008133537333,2.0848927403230926,0.36428779221781615
14.948088577511834,292.3113513629396,2.817552851708916,0.5184889720742811
16.91327301982852,1080.0163763145435,4.021064007261133,0.8064076459349511
15.08672304541699,215.13041838677364,3.5896760949772673,0.9503885998259982
16.798225373853995,636.699158154417,4.8968228948186905,0.5283067087862539
8.839299472511122,243.08198546330905,4.83250551387483,0.5979780820175955
13.436683848288519,308.65310486825086,1.2290488912335975,0.8326076802608006
10.214073403060409,257.5278576316141,0.1764715170239799,0.9281046543795205
12.12679045086291,239.6353489450019,9.621663622413893,0.9477316374062479
13.02196702843442,234.56359165461214,0.8583620470092138,0.6291567860074423
19.64522026342268,336.09617550429454,12.450558128640711,0.7891202896027733
15.416898525383441,898.8854157834597,4.479909222145595,0.9369040294936685
17.894357616883617,428.77733137323037,3.665880619797825,0.3563594146261273
12.204416969808086,349.2180240919922,1.0453309075805879,0.7432943970820847
12.920014215919934,586.8938988630413,0.18011707690955936,0.6601266964664636
18.102837919461507,116.00094930485416,2.458576965324784,0.22402338840834543
18.65463488010511,90.07272449134105,0.8601210156349238,0.8707800385802845
13.050966329430036,958.8470485907618,2.9356085778091474,0.7413123250923901
11.522186719705074,1103.34098769676,0.017365561816331178,0.9530207811586369
7.645404803694449,159.30706717784156,3.1500064361252855,0.7760035499863466
4.295150300090192,931.9692433520736,5.3530213651579475,0.7643068461726688
11.77075462336454,909.957276487397,9.65718806871854,0.9047161622648314
11.874753768790857,875.6266933843658,3.1977245209561698,0.6577889386101093
15.209320688498735,149.96844129216717,0.6757095387137716,0.1487271167693909
15.390477463981643,3677.091412434696,3.9118166090939077,0.5213513374312578
17.07374889762409,385.16884316913706,6.011057173695658,0.7206361506125556
20.64212285310237,1536.5466359522754,3.562442627798798,0.7678935145795615
7.985034938148316,426.33346301286224,3.189196853085214,0.4661095084061382
6.3220936714159075,425.1591789152432,1.1392003677611138,0.6943642192213927
10.500890163933276,927.5798577934909,1.1695754796673963,0.42052541868915794
9.665207244663625,185.1187633591216,7.689167236964619,0.7741214778180782
12.334783223284273,186.58307296526513,6.902007476339756,0.6829909037519352
11.232715914708182,4614.670204498214,2.973007045733791,0.9791237019336068
10.311223104281671,178.47171930867736,2.2326365614383086,0.9958628747657137
7.90705741770979,2253.5310233790833,1.593056694908569,0.4825035206591955
12.771316512092273,654.3603525113244,2.892481578543643,0.6061426029351044
10.743589168519051,525.3937051094672,0.3297769970841631,0.733841420656487
11.157225524175564,3798.4173288001757,0.08556543155406873,0.8890082021489223
13.371988207638111,143.51913525969246,12.470091132158258,0.8848634121693096
7.604724936387936,895.9242236616232,2.8027435526278914,0.5938166207438523
11.165612891198553,342.88466714925255,1.8651700255357158,0.895226750561624
10.328160981601238,1012.766575720457,1.8655639618325772,0.8924183203544334
17.721424520154166,1940.8474291307605,0.6550814251228535,0.9759395085233364
18.871324256965917,910.7741884348372,4.229070884238294,0.8787551064338573
7.3376175013416525,437.3482399418082,2.3527781203252673,0.7437006192056819
10.855148953611328,1056.7006944565853,0.6716913384546969,0.8771575719563339
15.873493189388805,124.63858283452917,2.786544874671798,0.23057325214965146
15.32001031558954,470.8937214230452,2.198328721475199,0.3984204208631301
2.764477550612904,446.2548774316973,1.666605408607871,0.9934003711836931
18.769035530611962,965.6336445901127,0.9357487827961997,0.6660984839896306
8.057231125471032,348.95818821928657,2.1493401330162585,0.4398829788506615
5.447048554908897,818.113444304609,3.60975532393463,0.9990143640269078
17.03226005952574,246.674724921346,1.1289290204383997,0.4714271027654961
19.138787589806135,82.18595096590582,1.2439777555998546,0.4576720709696515
12.844214272147578,500.8879937934581,0.06854627515194668,0.25553438596553935
7.754771158408958,162.84860376851253,3.160389423394299,0.9533970525362129
17.55377082519822,204.54933437841655,2.0919481073020654,0.3344465904527969
18.49041104958055,3463.2585289667877,0.5178672279912562,0.9955806419654915
10.380700020723541,999.6124948502236,4.608461374835332,0.6563187042493689
13.883767980068335,2077.36190685989,0.4556322756787406,0.6523985075028819
7.726493048054864,1099.8991006899455,1.874797543933638,0.32830465208331266
13.986666687884012,574.772409659541,5.591039872426627,0.40772614977500754
12.357198344457617,309.9941838294081,0.07372152417419758,0.9852898970285734
18.049647293571137,205.83963757313,0.5689363557737129,0.9440613845058787
9.99427775868913,424.4841714617918,4.894971271181028,0.7134725944314523
2.207877565892451,1630.6948429602191,1.8712491244384784,0.45313347032045787
9.396462533688794,557.6316253123845,0.11734192212851419,0.844420942187403
7.4056410604587946,152.609769096507,2.2253003480918467,0.9458283441718146
15.466086361861205,221.1786321751476,3.6608301692531264,0.9906708949580527
8.740770043288666,591.655587751108,7.747772937030383,0.7296315559601942
10.853635872230457,1418.8904569608471,1.771190287771556,0.8129490443260353
10.34394497579418,170.18294650936227,2.574723458927859,0.9572326498143356
16.56300659050051,195.60347680384606,3.6896340350598438,0.9159872491965856
13.438275059761644,716.4964450704394,9.711821111798077,0.8284012210174789
6.707261861862789,5877.325250892813,2.2674856456022416,0.8846974043549799
12.034594380938925,315.97060693361857,1.4896773924827658,0.8749554623108707
19.44943854048403,513.79887992664,7.611848602247147,0.41390626146844345
13.501528799146245,104.4770681153058,0.9416779194619468,0.9808754480436107
10.202582967885796,1527.7623246592796,2.8859054370774015,0.4339321556118412
8.08714615143894,446.63019897430115,3.1510554004091897,0.8617175080039655
16.35954898021111,3394.0967710724954,1.2846921148907768,0.9630252567508616
12.77694537299988,807.5416173543873,17.87267650893102,0.38785362982390487
11.994494507623521,659.721810440188,1.5426441304404888,0.674156051028799
6.1249856097766715,362.5614660014856,5.568195444966813,0.8544872633037123
10.384623737144533,815.0793215783482,2.2633216455888148,0.3560934721064079
16.233995812172513,317.4829080150768,4.297712853864126,0.7225368680949781
11.666953355052078,1047.795127712199,4.2693978115922695,0.6797355939079754
14.90886126165231,111.33869873687206,6.275577409968425,0.39625964412637726
8.308481055703318,585.0142277591442,11.365241148712938,0.7980853198730434
9.827690868081508,517.4923245666487,3.7806961190548503,0.8591596229113913
8.146858279742178,2608.7066147363507,2.2304590894094987,0.5622790863555138
11.810262107100273,214.15979247915132,0.4561326346582861,0.9057019096841097
11.926897468406583,158.32437128434358,0.5582340852507816,0.9491446071838321
11.452453942193952,3204.6850201818174,2.1584453390761578,0.2699474758695763
9.889483799205506,182.8832274617488,5.619794037306594,0.9742049963444486
5.47486221256469,602.0516062807134,4.214265477807581,0.5341146548100565
14.003477389694076,184.07719802461,0.6527387258704876,0.7985017667323238
21.215425662869823,453.70010147184337,3.4456025726848227,0.4793473260554252
15.513053993750194,275.92230428842805,2.9295052429405932,0.844245198698695
17.28903525360922,456.19254613733943,0.24646265663268527,0.9907045985460495
10.272537215848972,5850.817090300315,0.8935316766047644,0.4993776081212928
11.073012027008279,75.19890694866925,0.10973867670384707,0.9948472660662195
2.76340607479724,343.51031407362717,3.221526697742251,0.6015822911857116
8.51226073689742,608.7957664206598,3.1243087866386805,0.6005496115983956
15.254068524189254,157.31796071659855,3.001827249868907,0.3716705021274599
21.120818455963683,589.963524631659,0.18533893605542662,0.6809974733184238
9.30407700766179,727.0325957325866,1.2776890476318343,0.5433980149960204
8.380476895102332,314.30254584726634,0.26687258017264254,0.8521423391519813
9.534712204393832,318.9691204745024,0.03227896258258551,0.7345597135519102
10.953287053358814,683.2008757554842,0.9923724247506579,0.4785212201620811
13.161001828457692,808.8776968819234,0.26991001428623695,0.5839662431497932
11.143997838431293,451.3701842533158,3.3749642464855465,0.6378700884233035
15.248920257897328,2052.389685316681,5.526820543475114,0.9916461055280972
15.43902738244922,1402.8914561856084,6.3448569652018225,0.7455034752941145
11.444145190151673,3400.8018421798242,12.729980786424807,0.3021713396725167
16.56254657961149,146.1708691047299,2.5701270974433292,0.6770023330597156
11.118811557598871,91.97739184218584,2.95297536152109,0.7537341020153019
8.337157610308832,167.82896183437418,2.332087076304956,0.4579826618535799
16.46784731061025,1950.5757865983483,1.380207109567002,0.5688532126465953
17.109563453249663,1975.4458859364152,2.3015806542627493,0.7287156421772416
11.928156963196233,315.0813097425215,1.998795609539987,0.8819358659445596
17.71303206523878,235.5770419482008,0.5245540210451897,0.45259794063593367
18.868015831169505,1020.3272399134383,1.6555761449814945,0.650457578320427
13.16860529443787,355.3028485636666,0.48077428320787635,0.9405745066328777
13.042652069687897,275.6346831991079,8.620979216815266,0.6620692112354003
16.92838511685627,366.77187011838095,0.8298231370477445,0.43024538027595427
11.500135298380194,126.9061516892615,0.10889984943999154,0.7584721303629357
15.701100246185083,1052.8197654458145,1.893605849895857,0.9535237291755313
12.734129651315996,442.64116376070274,4.533258984302878,0.9149193596827783
12.651629881216394,905.8811103118554,4.653246906654272,0.8863572856625411
11.931655696823999,648.4530254757017,0.039282009435239136,0.7079714573952915
10.329754147065897,252.05193560396424,0.26979071577776104,0.9654761723654904
18.173065122802758,394.5089509938418,7.826698344645829,0.3805595221723658
18.02933720350178,1832.0254784243461,3.5155921595823383,0.7048798200585964
12.406718026922098,934.9016898242555,7.304462649099401,0.7039436818258115
17.281770043881792,957.8139958999943,4.214678339025674,0.9195146169548482
16.065734843857577,1010.822958205823,0.10271421974824951,0.5878450492745744
0.3212058771794233,1363.1361218867778,1.0867720427771947,0.9166929686582065
13.193602142022694,2615.202872953455,0.6023669675483888,0.9165776269037211
14.565815612264467,707.1314994067997,10.512350066924293,0.3919734028052582
12.083442382952587,117.81005714490585,9.431743090026657,0.805456152072991
16.56567654914404,779.4807037222614,0.808478715052364,0.9985313470575857
11.97577205918508,371.6912690757148,1.0019894338833424,0.13975379786491332
14.397512751103761,332.9308467537911,3.329377559253263,0.9037669643141861
19.14459014971596,490.5383648312877,6.973312038450297,0.4223668399721216
10.177471601547449,224.62520560986587,1.6062933986831878,0.8035431672844151
7.781022396389028,397.46637846946743,3.346806864496635,0.7442979117917432
11.585381025837401,612.233095821469,1.3363199926497007,0.5604859959332071
9.362144682855735,1149.2897326052957,1.902652037271064,0.8027136087331656
18.108466721461433,4827.819039333942,5.22574867005084,0.5352938571744527
11.23731400703645,1953.9869812866991,0.8587960768433279,0.5282654795684678
6.9293983203393426,332.10973378826435,1.0776581913354022,0.7770029308530306
8.373515704338848,202.21127874249444,2.054205540839005,0.09036701200295426
2.704868483708905,270.3466033298996,0.14585751388569057,0.536589767939048
18.16619613405107,506.96286088192386,0.47776850991201,0.4721969265091546
11.722329077313612,1713.4840866423606,11.070796241913953,0.9397311318396038
11.385218552225053,721.686147880501,4.415506849559793,0.9746310632245113
12.281706512140175,1124.106614252357,12.224929529284724,0.709310673729156
9.911099893439667,1909.7443670581558,0.764445152360426,0.8871772559145416
10.47218326699109,1565.2468540166008,2.9323711001112636,0.7086818343495068
5.7238317620291435,392.9496321639833,2.832776086868665,0.9470450567853822
5.088300111042802,146.4348107509379,7.514348858472488,0.9625709105289157
14.660258500234956,1403.724918696775,0.4102482826406574,0.6033498117829462
17.964050498732437,1528.6289805831489,1.7907086923845275,0.8949374536610512
10.243881737507145,2151.073676257995,2.1969767986264466,0.5164346677242562
11.591019352931044,590.4519640379194,0.40060401352408936,0.6989890821818573
12.056443041057705,355.53942530640103,0.35346500466726827,0.6822715364142707
16.596289564613016,335.96707363511365,14.856772548350186,0.9005228466674604
14.526462223602909,2782.822024525903,0.5349058023675125,0.8387262553799001
16.9470308316194,747.3078769812013,3.5259051071820298,0.9620248733645431
10.094987742275643,549.9141788680629,1.0898895274253007,0.3609152709303699
20.292669166305295,1904.2803757394988,0.395089863586029,0.646562110440863
7.464426432648369,722.9573570940689,2.0764626901559398,0.7960034860910608
6.838871096238129,2688.674439453678,8.13326990474267,0.8041738178816165
11.854240073000252,1287.617054205193,1.539683115851722,0.7823665562454892
10.26398693549129,2715.756198856093,1.9881996056889528,0.787465210079814
16.376260065948408,262.3608985960937,2.4752767218916794,0.9856728478854616
12.456334161177406,229.52319335858033,0.8065860332379571,0.6607813453155683
13.601704062688118,820.1926108900548,1.260617026299873,0.9206529637072528
13.034803417261019,4145.164123594474,0.2067723027136228,0.7123146564195415
8.669422774277013,320.4460578162811,1.6367157815876052,0.7286416606893786
12.591830475700048,1298.0565073070156,7.505037458449286,0.6094608019504392
13.84787139543757,314.85550901947795,0.7670452139201943,0.5178857257441943
18.285895210421558,53.28199269469834,0.01679739405316631,0.7661427703596229
16.014468236103763,236.39213710494886,1.3364810933833384,0.674858971007175
9.697599701113756,810.8359689869246,1.4550520666435673,0.8961018743548338
6.0003759246593384,2364.915692354853,0.3846284462884567,0.5812782081837223
10.272595929866654,893.2809571614046,6.688733022431818,0.43300820908055043
10.266611509747975,2644.8782678136404,10.617063008986166,0.7004835008714132
9.655543124686162,1428.545295706461,1.7513804942591553,0.7956010921487007
7.7162087610494385,2612.1637866162996,6.796274880989124,0.35258869684898614
4.1998364874357055,1953.4349303471847,0.29930203538108574,0.31152953205850165
12.375467819616475,688.8066751372756,0.04688240765844089,0.4141144930319893
5.515725988332138,966.0023183944795,2.139195908343573,0.8562533462425299
9.116008126077448,2211.3627618873584,4.151104981084889,0.8960177759636951
16.845166835527422,1286.094193992485,3.5899711648280936,0.9462950109057231
12.966698984597397,343.22272399272293,0.7605526756031484,0.8976258479346498
14.035988322143144,229.5263947096188,0.07625135677093874,0.8753418390971139
10.206007083491915,138.98334723871142,0.7522765343747007,0.9606692331195218
9.293203946289939,675.4727521243153,22.24948303040472,0.2920670411222029
7.997082650553134,1320.6514904843289,0.8098292491017752,0.9834236665017497
6.296398601884479,36.37607004889036,2.8490744959465633,0.9173942534322249
6.829011152484608,816.3594624022891,0.7549620827787953,0.9969816974764725
19.668447650718637,338.9026691024144,2.0169311322932835,0.7494496900847165
10.679766874380213,852.6581992179644,0.7619055201912994,0.6952634473893318
10.35387605458486,84.01369397590996,6.074530561072101,0.7357992027051332
16.081538422230018,735.2688437966799,0.9665362040370559,0.5787113982144325
13.533535800914391,173.42120012768996,3.3401463667127227,0.5959543106821653
12.028052371373914,1129.4223324719214,1.6046335518898147,0.3592492845124766
18.0177043805282,761.0216143223454,0.17287002451476718,0.5101977811630314
15.572807663278184,146.3265256823632,3.9006440803133744,0.5478775938482686
10.488814233618315,436.50634411614686,2.6369462897461413,0.2929904457057908
21.8444658270628,1271.2723499760812,6.208441884894447,0.6473391622122004
15.711914933262955,509.8824779607173,2.6465184668563624,0.671505071724569
14.759072239827306,418.2078594571707,7.850954084333404,0.7992688247928849
8.713356836775251,1647.2691793897286,0.9707465030454122,0.8407842854170937
13.643961809709474,696.9385527116451,4.693656465796158,0.7608793088799873
15.5726052216428,899.4865474883742,2.70228635325185,0.9351915342633381
8.984904770862256,1165.103193775948,1.3777554342764784,0.9831178240222213
6.646364929795608,1861.9419680903736,5.135119777802527,0.8263212972584592
16.963861567639174,343.8300824233249,0.10175866678135395,0.5316026935126307
13.10365456062123,1264.0133660549304,9.22789904373122,0.7316913130451393
12.122311771144753,1114.9170634638435,0.013825488557494832,0.6750589573215249
12.106722052233764,290.37772838925406,0.06486735152424232,0.4808409062930291
9.018366402416955,420.07815806194054,8.014200478650682,0.8246064442670185
18.714716375174785,82.19412510620633,3.196912524438585,0.9650037547788025
10.57104015473162,2223.814166904185,0.539778279014095,0.7329982385273917
14.833790856988344,330.50236411893013,6.346766485353337,0.9868914894233263
13.73552175344371,1177.03148007221,0.4669733562943783,0.2523348792218252
8.23006810548254,180.23735283503328,9.839337109926465,0.5545185494993048
13.024773198328319,621.5427200668914,2.408252913961294,0.9500544496121303
15.798458183511409,1344.0466453778038,0.7602139946130876,0.7737142599174055
5.6999336048346,1217.7632815203278,3.876489674090695,0.7943318386946379
16.38901998642946,2326.844443443555,0.0076530581085932905,0.7885899818134003
10.785322365193498,120.64488326875882,1.7338970872267714,0.48746604243424185
11.671410646021068,2616.0995614484896,0.6470267075981084,0.4423456460978595
8.60352660307047,589.5018996484956,2.203073204866469,0.7990780746605102
15.780648337547941,2037.5862960940738,1.416768351013822,0.8494076214623716
3.217214714570776,238.56790630046484,1.078500949336022,0.7756939655442527
10.290544920940293,505.6346836418157,4.210341687476121,0.8104705223839548
4.735598288420461,1599.9836086854352,8.38157861800302,0.6082690664891459
15.52720261255035,488.1708675451033,3.209991024330277,0.8052368789177204
11.414483996270034,3310.2998685305297,1.796921306136348,0.4215149089138097
4.469162835104109,289.7196547157207,3.4363933436853253,0.40552437024841187
12.247467732924383,1022.0915007484886,6.938803581298403,0.8386709246982902
8.074502531092271,400.2094227295274,2.488473440959525,0.5067804061754734
12.210807688446335,381.4595794285667,0.7116606089074216,0.547404906089403
13.343451754392612,1016.9308690762199,0.839175346029744,0.41728760548595906
14.810245886262946,683.3934608069819,4.509524736661105,0.26131872906613546
11.336324484798125,1979.8476537354657,3.3137629065392633,0.9923613795689742
7.671600367348116,311.07481979809074,8.952272574216016,0.5689810754316041
12.776747048552227,1349.0550783571312,7.488358127633262,0.6520350515248986
10.984726200987708,675.6361880373017,1.8423434954024858,0.7618911005633855
16.846943713601647,273.7272551153443,5.540705751804622,0.7663669667556491
8.865244680326605,1790.4805985046796,7.772649965418605,0.5524026315077774
13.88847134680595,284.59473429159164,1.163281126991358,0.6908539072498499
4.5235457255175415,245.94917809536273,5.2083835007808625,0.5230625443031613
12.439859716569622,294.9925900702856,5.1396759506690275,0.2894898511910046
19.341173855395734,4281.786706963677,3.5937071262868856,0.5635340018056847
7.553682366068726,48.23987299594792,4.535594263160591,0.7841375469885665
11.002955956669046,176.4656083473682,1.3518697091289529,0.8877604049711092
5.042744234091894,1954.8231559584192,2.214277962042058,0.6597206809817665
9.991823287630949,1344.9628310855853,6.522329964067381,0.5472515752662844
11.147887895575847,478.4494249055089,0.5445700411459463,0.517965486329141
12.235676745888282,300.2362617597986,0.6105316770572601,0.5408456765048266
18.470706452658955,596.649174157184,1.9860407029086584,0.628909181639803
10.15055896099371,1116.7203623070054,0.6486923726392165,0.988414748410912
13.879521066889557,1159.238957796716,3.116846576588179,0.6499890334935877
10.733589799200974,409.2303390040289,0.15503967519553757,0.9163299518666999
12.809009139214519,409.51201537380337,2.595898651475608,0.6460064990046792
10.87041478419529,357.5533991373452,0.1793673330181846,0.40175099668556463
13.00385489441625,195.27690546251733,0.2935774767788372,0.8034199681340994
6.639697267908658,314.99862678331596,0.48959078862598115,0.6230492729260155
9.287465152319882,575.4585062721848,7.368107338133815,0.7912056077280342
11.958888302415208,1112.6672950805405,0.9431887500083432,0.9439728362731972
11.410735379933596,222.03771065573173,3.085287374254622,0.6149011093608653
9.120898647838644,384.87886145697604,1.0277172915411732,0.44047112252552895
17.220182659639658,1247.8713365533913,0.9826166672325318,0.9662635457748656
10.460512472357406,414.4065207927403,3.8607830150105906,0.8016027335714091
13.67304978139135,384.53690595828743,1.2015829834898861,0.5485831527525635
16.05537841604454,1714.4194203537809,7.589631827788821,0.8964185553629803
11.092042979182578,477.45787857011123,2.9380253224363035,0.758011152453543
20.717172813150384,829.441894951606,8.094400934788752,0.7621503020409846
8.94455810658507,340.0354706780164,4.284412875962973,0.9735106206629873
14.294356123207839,120.89879411155209,0.4487303358395351,0.7623738896932996
10.083559265580593,656.7856828890706,0.7737213267730462,0.960704498627439
14.600579139599311,210.06671445872558,0.170574582880891,0.7028761308277541
12.928709771675134,348.1966837790273,2.1376361465633282,0.42901986741228015
13.009938446627787,209.15416386741288,2.5188991891257606,0.667957160247044
15.42519184856371,2338.163274054168,0.7261779032417495,0.7157979547958563
6.4377931241179045,1010.9171396323751,0.25461959843189425,0.23863964659238798
15.265804136831157,373.3787635918868,1.6749347047885388,0.6626590843516035
15.17066037294181,244.78314103125942,0.22441557812430057,0.7469159145166797
6.604087971516312,255.4399640968857,1.6000235047568574,0.5856143174164532
10.652699625601302,1827.9702650141226,5.791799975118302,0.41245399623577383
6.8472924811410065,614.5534202864726,6.09265249933367,0.8541195672103472
14.332363727659152,703.9778689237495,2.5384171133567928,0.9408048040056386
12.851494675936165,1023.8706319814825,0.06630156224421985,0.9976499124371068
18.80119659232092,378.9071834723563,5.428890463198746,0.8682913153872721
10.53979402141534,915.1307590235949,3.800697000724597,0.9336180879678646
21.730598161893727,412.90181600791163,2.1048915352030795,0.5173435629365928
14.224915995019092,453.41465743780884,6.924214439380058,0.6286037113933424
11.075277697864978,408.16748353230923,1.151033883350914,0.7920331314735938
7.686398385806719,2130.2505642192905,1.4758288684697043,0.9893746123217623
13.459619885734623,188.1435176087389,0.5657441218786922,0.9465343253521391
12.552718506852294,250.4754671724451,2.6105913920012656,0.8030486795046505
15.736832959627492,939.579238922252,4.174223406304889,0.6978869677332253
12.639871051164794,507.63108273264925,9.230968735274589,0.6305590666337904
7.536887740383405,506.6447874537664,8.819016704600033,0.9498770713735586
0.5252149873956604,356.938211484406,0.2588377248827,0.7371399904170468
12.095067713203566,461.9687624398772,3.111368049703096,0.9196704528413289
3.0902658966521805,2779.0343739588066,2.3515862971551837,0.3791895665864713
14.88189991303516,395.57633432752493,1.9370867203328463,0.9238886909236625
17.22852829466288,979.1776262596359,5.233495005039271,0.6470791830923331
2.4300621242965423,777.2573502626026,1.1921123867355532,0.9850751508556695
11.46221680746857,1281.6271371803725,2.6404819102234054,0.8894060303973513
7.631774871937495,763.4424480071185,0.8815874301445595,0.5270902317501326
15.35891975644388,1370.22000447118,4.709857701906869,0.6113604448496188
15.948017699511597,531.8405553731711,2.252292325428369,0.6007250062869433
6.763123886985511,347.366417358944,1.4588881581256163,0.9327398903963806
12.697859308076923,281.826210045608,7.813009501060709,0.8884284257487156
13.869282639861401,421.5107317660495,4.529309077964985,0.921289183174328
10.548813107381635,304.5806660766493,1.8103744865538873,0.832260649688722
16.447897261620895,1424.5651731554092,2.4896118151388342,0.29927446762224175
3.5503104028686483,90.73075462860194,6.942138112724239,0.7450942067378008
6.265529932789027,756.4072619514147,5.755642077390341,0.5696647611338601
19.627692751747546,319.6917775081625,1.5445765766245723,0.9524537752662601
10.975434177932591,1063.8410100930446,4.233769876923607,0.4728422872230562
12.41179837623385,131.66273247872869,0.11893571999542568,0.6606328492663895
18.173063142854915,199.41709558657624,1.106474586237334,0.9409426707600166
10.172525993273123,2510.045709531562,1.869147126487032,0.8848976621584912
10.72380977401512,2567.168346006546,11.021824680857137,0.5487642121964581
16.644962246929307,579.0504304563023,0.025749256149507807,0.8664149888890262
12.545221306106326,1822.6759372903425,2.415147237835705,0.6576749840840306
19.6083291144161,1573.0050609328428,0.5839061408663755,0.553198834815224
-0.4037116537852512,5309.482405167142,3.1803647074635517,0.907492886254478
17.425109894060213,545.4608757299605,2.1730979967510797,0.7406470864491652
10.704983182688323,165.1213929654644,5.914529370679792,0.5674743231312798
7.630400706069746,573.2355418459804,0.24608726346820756,0.8293840958315568
12.6983377784962,448.41148523898414,5.016891964990406,0.4963313018474939
13.14663965830431,855.2745609458101,2.5483452104657456,0.6374687967543373
16.249519431903398,1168.5906059575432,1.7337664423637928,0.9862171341816154
12.333200485279397,728.2036817623784,0.45627869502106844,0.8807853010976529
11.28161610077749,359.5779207273139,0.012952433381245616,0.936951114474391
4.895081741029626,129.60086208395492,2.779167604137811,0.7521589774425456
13.692626066333307,578.9940618205328,3.8210409734063138,0.980917687629687
13.304452821143112,836.5993865489045,0.8426897342526751,0.9093915532301489
9.567565610290838,2177.6804442240064,2.578564110159652,0.5007009452410864
16.662672380926004,218.01086916145272,1.8071712639333346,0.4536712451986642
19.19737936428347,797.3307121255291,1.5111240085953617,0.9207448355752864
15.142410834457014,3417.886029588369,1.1498297942322429,0.22376252530340907
6.131452015792828,639.7079392356351,0.664022856965517,0.8976851097116244
15.683131220086526,175.32208160313823,1.7383560498586552,0.8129330767829456
12.629853823768121,159.13971743267405,5.286409871780943,0.8941679414465409
11.446186921711876,345.83392152263735,0.5641280244873793,0.7380736145617836
15.83015285559254,368.8615473309778,1.0274191991796722,0.953019408464133
11.212253833165072,904.4087754648533,0.21943544832841266,0.9840238897301635
17.566725104797285,134.95501958386296,0.30085545539626873,0.6946972352392077
18.63156425646923,2812.3673801794607,9.292753263315225,0.8302975763215309
8.788278695231133,181.480884834868,1.9133485544758537,0.4636920292881575
12.537919060856131,2875.652918283785,0.36341525055999413,0.5344813242919351
11.373052934056352,199.97062542166333,5.141114344605678,0.7397968000251485
17.93395724626841,2684.520792356593,11.549597529572805,0.9577906430964563
16.041572855458547,726.2750926504078,0.06712418153118642,0.6570198961393479
13.230364168558795,927.7084394001968,3.26460248145903,0.7352785096529296
8.438150642777533,268.56915401905366,11.317353604193988,0.5359305384565348
15.128207253741072,1760.54181514299,0.7911328668668615,0.9265507132200733
11.805243089538658,206.43549310267463,0.8920368031533453,0.8094018295338553
9.197572081432574,4340.401364138769,5.623671992743781,0.49078817346868875
7.51602817367863,434.8445782497663,0.1480453338862251,0.8606200614190244
14.064596765447433,287.8485344249555,3.805753593471117,0.4413869081556923
15.99598035433937,3418.2543888536748,0.32718837102685955,0.5753458422215904
11.720558039872406,2156.1289696071935,6.218485939440303,0.45028786966246886
8.407858497803945,1394.022542546154,0.7958125008789481,0.5490777991832985
4.897440628478253,1342.0321432446526,2.5898831753376594,0.1918667838331355
15.476211598057905,477.057807298079,11.299801463946165,0.7883250621238665
13.369209845098558,2800.1669847080266,3.1548912229351345,0.9832955933090985
9.733757502792649,2829.2665133491405,3.7076487746773097,0.9075157389060298
11.62927781238656,2330.884389235316,6.552426224440945,0.5098580505012291
19.07123521388394,99.82159593818977,1.3190767747083032,0.8370065946086751
20.290202027985593,1309.9775028701183,0.5404387129428646,0.4306021763141283
14.83587972942999,51831.645383007926,2.4221191260418045,0.8523821598827238
9.228844195190478,578.2605948845147,2.7561783942600293,0.86819905612979
20.422023817514386,662.9647360912053,0.5011438721477021,0.31971820624864233
15.192001579269046,540.4086612116187,0.1648227860802274,0.6917205834534461
12.662463625895347,659.9488978410178,1.1333600266941937,0.609678348639614
18.562686089975838,248.31346308782514,2.2249684485428856,0.7745483302640762
8.929702250079597,339.7126325906315,0.5287042338484206,0.22243072064648306
13.17628785129101,3285.10528188301,11.891501163337992,0.7006724681332196
10.706971377205127,2005.7046404579487,1.4815922931680807,0.815708159581353
10.392055280122054,366.9817966469128,1.5346539882534342,0.5315230335775002
13.282033530518872,320.826008539008,2.9698073195412915,0.626935297778437
9.083834896761704,261.92612988805644,0.4698919257694709,0.7566863826921177
13.373969571527548,213.09003367813278,2.8815621679218766,0.8181141498407335
15.137288940205115,552.9074229350987,0.09860246512856555,0.8028541437779724
17.605359407463524,857.9099963732896,2.845565407969053,0.26742163408741143
8.852822851875725,917.083428127902,0.32728924055546316,0.8463194275849383
13.843829515651608,677.5300515057968,1.6946818992409303,0.9346310363028341
10.408711774911525,504.66648727649266,0.05887872223547122,0.8794704565059686
16.112807721560454,3532.0693818485124,0.32589908884310936,0.9210288552842311
15.82656698830533,2143.5865211252963,3.2132790393333313,0.909443411241972
18.243139354154582,5083.387740070207,1.3314913602255611,0.4836426639254737
10.66435147111069,431.8118274722951,1.068797450373697,0.648492592953618
17.73884955756635,1750.817511020211,0.36625325906940054,0.9832550099362098
14.61120291719355,1307.5791316555371,0.16115630855106697,0.22835329063027818
4.5647204803408385,2457.622494511839,1.5220963360722495,0.8421636607339357
14.212666733801349,221.43186232550045,3.2987046661622617,0.9143083380753663
15.518508943970666,101.99231055763126,0.8374777007259961,0.6650652384309614
11.451153411880673,1181.3256659082222,2.4699263018940254,0.5855297992138309
7.951243814690814,688.3092890026687,11.130881249018778,0.9252347565660329
11.6296710604246,1860.9380026878139,2.461918436565871,0.2821074932005603
15.300653305526815,842.791372320349,2.539493462003819,0.562007379047635
18.239429462677183,543.1114566237999,0.07151099855470883,0.6465146943164062
10.231058736387201,602.4453693159497,0.14093826790426286,0.7971361774907711
14.719888341869595,222.31354029684587,4.238593330250619,0.9340739158488498
9.543354419115683,1084.7139332722115,1.4915317058797821,0.32278851304403433
18.898935233384876,766.0713760209162,0.9361712951060822,0.7129018198434346
12.259840759558585,2321.7605966506912,5.728211956598001,0.8728474638590755
15.463804853154087,3467.856970074095,0.29525735738807096,0.8529169718129775
21.323711197186874,191.61212608591381,1.5729322747351109,0.7949313511126243
11.886743072598493,281.5895960651715,0.3040787829531129,0.9395981617401924
10.302218595466604,114.87434262319543,1.1441952247226392,0.2846992377361871
15.477694440478643,919.9193862151344,6.582975497839823,0.7293376761642527
12.284248914465723,609.3726388909737,2.8031760962638064,0.4134234861371096
13.360953286953922,197.50004383796698,2.5213572683343455,0.9627220336647375
11.551529756253517,3150.769788431679,2.0323571718172047,0.49127583033651134
9.996693717246202,939.6901977993755,4.353382885967643,0.790203228412549
10.868236433905622,458.5535790361914,0.4249834496934086,0.8550917429887077
8.008167407523285,2108.805790233611,0.2620517553111966,0.946201896261079
9.2414059741907,651.1435261940959,3.4074212293094917,0.6359304028845241
15.728049421655928,939.1183264214583,0.9924919714359446,0.6684688943635494
12.561324421705148,182.03431574914597,10.673827394760607,0.9463736719026753
6.085788646584878,455.3121864779272,2.2385425479951455,0.1241322177760089
4.514867594436261,1030.0189855101878,0.5709462109993684,0.8998957243081869
5.656742492849285,444.3772837773915,4.135277619848895,0.8660036409958961
12.421818434060889,319.8704267861597,3.690914804814885,0.8778937935501221
17.226653831449624,2402.179588756134,5.362509115620622,0.808358953114177
7.756299779890451,1107.1475877127866,0.6732257948836033,0.7943112057009836
9.3019789600718,323.7555933839158,4.8918027380133875,0.8863542751221275
14.445014714433274,281.8856479790578,0.7514600149345048,0.44334496198018164
16.95048530099877,964.2515815941016,1.7981809005024936,0.8142185130452271
6.0284811243117415,672.876725807636,2.423388993278236,0.7793306861479055
13.974852651970014,851.3900376633669,6.350780786348999,0.7238076945926877
13.062421057678892,695.3910031487,3.6240240969028292,0.8442065147428316
11.35394214241876,99.57494839048698,11.866865830635447,0.8724797819076714
17.75951261875777,894.3806799720978,0.4372393708247295,0.9775274710651299
4.239081944377881,371.69318451919014,2.137770261986503,0.7903265420284825
20.773547797122788,891.8291581811516,0.48210953529492584,0.1947713002039898
20.64817555615821,370.0943527815854,3.1952086060599543,0.9730819600128905
13.951458378841375,1185.1357971967857,0.962762099483329,0.7329261999869167
9.109407404752396,406.78989159349396,1.5597801287468558,0.9287701883446823
11.660716288182323,5298.432388271575,5.028770184684412,0.9776242492483243
19.54112803021573,208.91493307248012,6.7151886406879715,0.9426687536969165
10.541248010157348,60.923370453655714,8.867868759843175,0.46722899225749054
18.105647792981284,1002.2025284284068,2.604033313588405,0.8961237059411769
11.322110793149564,274.7642719226006,0.4638820626003248,0.4856153579673388
9.78220996527202,268.0974349140058,3.664255417100007,0.9387124367881662
9.955835948680607,480.36800854071777,0.9947882902049587,0.8869927869960071
15.586126093642452,205.9799790601267,3.660265925311083,0.9642224327770628
5.138910118707262,288.3946736873608,1.4367420057544453,0.6976418632921482
20.631838424175015,2146.0743592866284,8.771503169369755,0.49694775394554885
14.18338387189963,154.95142790149626,3.5469101034602843,0.4401041624724936
10.328788371731868,204.21495647586457,7.951247856290573,0.5291091063944564
10.790049600419147,354.7453745491472,0.18030141567359226,0.7687798885377003
20.716583925118236,266.3642607571741,2.27035108824681,0.962104025197369
14.776982686410596,90.97958438071038,2.3270837813705105,0.6663141145881839
12.727078950947574,819.6807005675702,7.989391298524872,0.6988374658446146
19.324666871499808,119.61987308225501,0.7431304540637378,0.8116557890874054
19.835652131802604,64.03046372314942,1.6533402154293708,0.329904019975142
14.278047534728131,355.3931062896489,3.1960882234472834,0.6557538521311165
5.934242897679214,3100.0664230653865,5.933080142604337,0.24217320433001563
22.478025451734016,251.59628162796025,7.918740379929931,0.9359245229389328
14.986215876710906,449.1420270000811,6.0363636297569965,0.7904715405688014
12.804347889437713,1881.3354779705826,0.6100191158668763,0.8535504832774516
12.226759390711726,4634.731565162974,0.6571668856720803,0.9099127802298616
12.292108023672787,1122.6700244840035,0.8634164655921585,0.8084704409669616
7.69080294482985,106.87021709804944,0.6463619922838529,0.6613534309208637
15.22176959067766,900.0834585874793,2.556105550827226,0.9235259139471802
9.099920101178402,114.24871987781053,6.663955132800853,0.6051185651593657
11.820036914783305,105.25802291718847,0.2865816570782194,0.5518273924977678
14.532900625314229,879.9001476545493,5.468268607117666,0.8244154328678592
6.545445654867197,210.66328922284572,0.18979492814576493,0.8510049823811582
10.681023839331598,591.3349852103901,0.7630692303676965,0.5356534031051797
12.867318893461157,2529.778103250165,0.8874465855823696,0.9056142188111115
13.015106333550943,749.619179424392,1.9496051531484893,0.840723225205238
13.1857216585642,644.5878069318184,2.6650092273095227,0.6319449272001406
22.332854078126374,3103.123077045759,9.27984721330396,0.7437188675831701
10.988467453963539,1587.3290586765236,0.07080785709768518,0.918118832676497
6.613319808576591,710.7073822940902,3.29373315307952,0.2763980771921312
8.077411211622158,707.0661566726765,7.745865236449578,0.7884200352089372
12.859221327206155,777.96290556979,5.680200815364592,0.5123303054168409
9.998097299813239,374.25140280943043,1.505229214630803,0.6683353476301752
14.139391116030291,1140.866295735357,0.08239856550641957,0.6966751103480008
12.772408690146214,1960.0328533246227,1.0645418970101739,0.5788737456734974
13.902211275127161,132.97574246532267,3.568195778122065,0.48530474583895
12.530353499438936,579.365724575733,2.6572630719547323,0.7943977060554458
17.04508899845575,720.8761303347522,3.791241708231227,0.7978494461081613
10.71817562002461,2488.947563144993,2.9526741049286276,0.7352839094194709
5.83196027107743,630.7209115547599,0.6128764294748489,0.9043492222228554
10.067497037697112,360.8857750371659,0.27458839022984155,0.9000591405773556
17.666929802575275,5248.172803440122,0.0172772844458904,0.985657907949645
13.060867449340996,902.3812240985343,4.164684005424289,0.3999211744747496
17.928031363997572,1900.0941426714312,0.5443642792729712,0.9622449517924795
14.911673724907358,418.7730811236202,10.226351434174743,0.7356041207538664
15.475040385945213,2217.678903098788,2.045760682368428,0.473649811100941
10.157366561459849,429.6043744029089,0.000809680283799878,0.6119552462988083
12.253257898227755,663.2037737199655,0.2139622373530998,0.9587583295625358
11.063283470321487,251.74618736902968,8.850569641217646,0.7820696934617156
2.3504308008325,470.9560693043823,1.2847274050043715,0.21063758404596253
10.015377362895983,60.034122413417144,3.55654094614303,0.6862314765862837
14.386410986091901,1468.2300494331794,2.4719608133316227,0.30609805315417693
13.822091737823229,453.9427779518094,3.970153707504504,0.9642973130348167
15.724066129660734,403.6352509418589,0.7188733153862148,0.793230994917664
9.174715153257138,770.55238536465,0.04199377280716697,0.6741081747309516
15.345952552548367,472.9230101667617,1.5427461978678947,0.24185407723083385
7.829997776443679,641.1282853877092,3.907049781767247,0.5285238978192616
16.628539292170057,327.54709643103257,2.8979940081224704,0.47503803512708065
12.34022694160424,1734.5764004675682,1.8637567230807346,0.883374787670957
16.68759525295664,44.728008704939604,6.174429834942763,0.42802452349042536
14.005126944839688,1653.4414339464884,2.5158000380191017,0.9232102820523826
6.777564549244141,2439.3120148769144,2.4990276299522605,0.5278014507028574
14.88119936050117,1623.201093699589,5.35004892223969,0.5934685585859903
16.177679777157767,1270.5358682510923,2.711942640728085,0.5098198516833877
12.245368924268414,1990.4390681799166,7.1896807972474726,0.9897929597026149
15.629164282332027,460.45727801994286,0.05504476048422649,0.5216294587174274
15.07845392082044,1036.1404142510648,1.0719491907189134,0.7130148933954406
11.863279161032485,878.6554783150208,1.2308626136647793,0.9257454442111629
12.097378096700488,1510.9344631496201,0.8551170007464819,0.9587248583480871
9.806775262469507,972.9563491500071,1.5685569466168148,0.7054663151647906
9.736230472524767,6824.096175899751,2.8012655310557673,0.5650166514145336
13.881320701418735,584.7775778370285,0.8699633830177351,0.5654356594159904
12.865483123368378,2317.9928385351163,0.5772349916625975,0.6862580253851885
14.874967635392172,309.13599171713236,2.2644712839465266,0.6043755920353507
9.661908779127968,527.8945964695988,2.617946941986662,0.7945541870691369
8.709456058226218,138.98016722669135,6.8050752609061576,0.932285746924404
7.84117776802561,455.41426637479304,3.70887296566035,0.7839265976036004
13.997597344002639,1663.2533644034029,2.958178635786639,0.8094335066548588
9.369169004077786,325.9051823211966,3.055922771186492,0.5035353988195189
6.4704976978621005,1344.930711829635,1.2909687982038105,0.9224471533239611
7.884115761681831,1353.9581610034688,3.390959646726031,0.777529323930515
10.640804738881403,324.63743112885805,4.188654333340764,0.5742253974622847
5.8282985458701875,2288.3331239700906,0.0994407003089418,0.741212043791905
11.813855008288034,2910.303694213574,3.501441701177531,0.7044542011643504
11.073744451032624,480.4970965887003,1.0607332774451217,0.7191713989744516
10.29890624228232,855.1438240681057,0.24458369830392968,0.70572019430784
18.968811472649836,461.9625291204341,4.675352618911262,0.4135776762889886
9.874072449386357,426.9449749455947,1.375908353839593,0.553532555486623
14.228803108245534,433.4050206147913,3.026443738807053,0.4794727939126246
13.394141223665892,1035.9741050853547,2.0530181862620576,0.8544478188859382
11.493787818620177,737.3817125513064,3.2303256711795623,0.6357948667337804
7.331295144369642,166.31595764615682,4.694078853964382,0.8514783696914727
14.487205217685435,3767.1083656712126,2.357842244202881,0.9984535176358957
11.727702219676177,68.66287849357703,1.9209582566791674,0.5835278456208246
14.105071702994362,1302.7512037331858,9.702434779143069,0.8682772906138571
11.45019352672462,37.14454934882634,1.6433574525569101,0.5188817429729244
17.12127490144556,2511.22217361425,1.2133452233671207,0.7880331364730747
11.775188459596585,560.6365500773591,5.7051514155630505,0.9520193895619466
13.538843572158758,1477.5975439306217,1.6303378353898041,0.5602557371906904
12.755937937189106,1252.947398119267,3.429746705662488,0.7279600241475421
10.404735149308003,214.21682829255266,2.4882399939463307,0.513460321557776
11.065471675553173,694.3910857675119,0.5253939173517875,0.8363822744267522
15.166172364628027,832.7976038044972,0.10751358608001607,0.3515430829160524
14.03487950369312,319.5082703331861,4.378009791621074,0.8929479461594093
10.846924666999037,123.99129829201075,4.039420930942691,0.9047557977349601
19.218332242566962,261.1446418314538,0.15007975024292897,0.5618746689802557
15.21035183027451,611.1536839335514,4.060458908694584,0.717431606601836
18.042071176447784,418.94904309103117,5.279068148564532,0.8664631137622695
23.35732363955171,284.57373395028816,11.126336707079432,0.6099221193937365
18.041337037116612,1970.516065546611,7.342114325279818,0.8964963023741181
9.517678450989699,1339.9343413031725,8.57678879776447,0.44342729383810037
14.121352581956264,2806.290798928436,3.1572071307136738,0.49485087657891824
6.4984655462942165,1640.9348475693548,11.225202591185406,0.21179248761152153
15.440466340043209,1956.8597703739376,0.4068662524920309,0.8214729706605476
14.795765214214203,657.5057565002677,1.2272138978664482,0.6920665583785406
10.306788048667798,698.1060384410996,6.0679308030854555,0.527316474636567
8.400539358277952,508.21530807727623,4.34486842201013,0.9521198559087294
6.045545282814792,542.6242793615158,3.5192383947275214,0.827899543313905
5.560231819401413,1011.165384436708,0.5073423367755551,0.8164214021136892
6.924229717304638,615.5365478343814,2.1166105046945645,0.9644529853445732
14.498973514355923,707.6113589350398,0.5785150094914496,0.46731994035028296
14.529678821027696,5628.616262001743,0.24324258790479736,0.8779070471840379
6.315918282510141,2597.8646511468573,1.3370808661277396,0.4119546303155965
12.184203537716026,428.38317929264537,4.184854676137915,0.40814145819470804
9.512705476853792,337.31029437067434,2.090272955076029,0.12705561307885435
10.474575520631142,2455.040312890872,5.486034182555961,0.779905375475759
9.186636309887959,1612.753010354779,1.0770103614837767,0.8814731743135891
16.388553977978283,805.8162210200807,2.1395036600660506,0.7403106499100206
13.808482500118833,803.2119729096017,3.894141356764365,0.8732973888136842
11.02461964385517,503.939743845158,6.149743715128996,0.9382064504173054
6.015825700702327,362.0200538630757,3.904731197853935,0.9977959457419161
14.656222808738399,1033.3163627620243,3.8431095143327605,0.725852674143172
11.433926792952528,3933.7809560341893,0.7373875118834226,0.6524471171578838
14.77549349987491,1307.6053963635984,1.4506795534981194,0.6175211980390498
16.614632777578215,1601.5669715989493,4.09842169435042,0.64893259024949
16.538992034548972,618.4278533258525,1.1460240877644716,0.9103063409847433
6.302907293292658,618.0373235417172,1.4861091702527087,0.769680008539516
9.145445563876336,307.6836603368268,6.419808666503688,0.9698169783096782
4.152978572310133,770.9399809329238,7.547697226091223,0.3401108724053934
12.938945219173716,1757.5528803839493,4.87062269086116,0.6794484929253507
14.352821802232357,150.38864935536128,0.3518984490485291,0.47047904917802585
9.566927066706612,2665.630496130821,1.0309706719149716,0.9640128918453269
17.15634532893424,261.15199655750655,1.3301930471704746,0.6618884070443226
15.80473486351882,848.4776633920611,1.4553358306545552,0.812342803957822
8.976699347263615,1116.9388666027787,6.190342734952496,0.803788688248955
15.43948723038731,578.2363867037215,3.4902505351352247,0.6190088704300625
13.982807198991996,1029.3272460072976,2.8056442855980883,0.9085917529172758
5.045643044672602,45.29947727804184,3.7609954601356375,0.8902368269767948
20.972868074876523,1414.9376035275063,6.661058438863584,0.9709053861954274
17.079423258360556,687.6082640779368,2.999357191815717,0.767953138409596
17.73514543656744,428.19258734215146,2.9713763508526627,0.6326572410321836
16.23453712273203,231.64033501268958,4.561997395314723,0.7487806193483861
15.355672074994061,485.87414768510683,4.288314532891222,0.7816012450956968
10.506516682502337,182.2163373128049,2.1307132342790704,0.8823007710068106
12.169345648960707,338.1684957064781,2.1912915357594738,0.8038912007090834
17.43320521498339,173.4501397834904,6.1475827354313095,0.8944916677191609
16.996380943887186,134.40427373495442,8.941873407374144,0.3443047269315872
13.996294986369191,4811.039525732068,2.5079836432026648,0.3381725378028307
7.972960520515487,939.8097400661335,0.9567614041452324,0.9104133034819314
9.828166793013109,153.75479176997575,1.0804692332572168,0.9961541867645143
17.53622950970819,420.0708217111015,1.4859013097293987,0.9581395067338297
17.864848746276525,1330.1434535933474,0.873331931112979,0.7455565606090009
15.228714474518622,545.6406688390811,10.255625321267821,0.43936647407080576
18.288886749431,159.1897530619772,4.837213627850865,0.9832245193945731
13.015370350181387,156.06066284154704,1.9229077419207414,0.5248642836043161
9.852114701896364,1624.1151408230278,2.50700347946786,0.6875050461930634
9.348290176599603,1911.283941198142,0.4715051220159115,0.3626926143733581
7.789196904447589,205.62558820634152,9.769010794414742,0.8704394662912567
12.028229100767296,1495.8727866827373,1.7706074035290325,0.32737694841849657
21.87172658635045,1747.8495540060549,3.6851405029318123,0.922251110769467
14.342560173719988,164.57734521640975,0.004925232164290679,0.7318008134205213
11.40273365341401,268.89234203206155,0.4681759675943,0.7314824289127829
12.032855842969175,196.36228704431548,4.805254958036407,0.9884804175754681
18.96989865092557,733.161949375939,1.5889124719766485,0.6128442341077652
18.06279057131871,5384.150029224927,0.28047225881261617,0.8507063438104936
15.53491044253201,1162.8254093661049,0.9420565143521886,0.6780220960715182
7.582494134928724,209.14071769894807,0.37675171146999215,0.8092219168083773
12.911640611122332,534.5282652205959,0.031808145834997054,0.7546544869728665
10.907207651017794,6166.068746539138,5.1738398970456565,0.6126073615336856
18.17946092171429,127.95698672091635,3.451580708132148,0.8893429072823462
19.352239825316133,2742.9206565557915,0.9386254391389341,0.5643630642097682
17.628365443931347,100.87353734915696,0.45516033851514,0.9777980420478197
10.933521774295976,4229.77618569911,2.5888226204452196,0.48908554040713464
9.313989309408807,174.1407672558768,1.9271322952112293,0.7504103174087425
8.50481819016607,308.67454259545383,3.7841685706040793,0.8183490941809849
11.843637703101752,392.23240239093116,2.5796971882053796,0.6340447241772905
12.253513567719247,286.5364941610892,1.3876339427913529,0.9787947706365018
6.456785175544019,1355.4590741921488,0.6698917701642944,0.3952989400423537
5.06729002470142,151.72597012053498,2.5978242901982918,0.497213515240932
15.800420586606949,956.7227700332152,8.45056751705034,0.6660475463861784
10.3985008115806,178.98734662289831,0.04476497779497838,0.7603430820732325
7.822654309034347,1071.6193434838497,4.327160097094953,0.9293391104445665
13.682173193338874,3049.6690648251747,0.4250895868641787,0.674299918563093
16.368020314859148,3865.8765728899143,0.14816280291755066,0.8992640909129354
16.175267146488146,186.96236804034632,3.1623816064494292,0.6223374435771053
9.239315052030054,225.34270649223987,6.895242900373197,0.5071946704841329
8.802574397104586,1916.1219314802956,1.0780523191961457,0.8949100475306149
9.877013443132434,800.024143711069,0.020316143521599377,0.7875630890539913
11.241833426298518,976.8813742510804,5.818366464084921,0.7324525807085333
13.886463236947572,316.18543667738436,11.379848259414278,0.8709587885251238
10.242743291673133,216.8331519033367,4.64910674208917,0.7534200295720995
11.06349610842249,373.8388737125077,2.1182523543790293,0.6538752135248119
14.84243213270707,945.5333233463227,3.6597394816796545,0.855226366219699
4.6080645109156535,288.0936113771913,3.6656574822421764,0.8844486616057985
9.401932450370715,124.69560431367206,1.0121067272811612,0.7681859509194792
16.53548924837696,632.0274424427901,3.3242818280348545,0.843798871759196
9.824011576779784,383.57664326124524,3.2272388835098065,0.6673933866116633
8.898764814552042,211.21583027916938,3.4718875982230895,0.5708252438473768
6.75077924285484,653.8822667024775,0.17062170744379757,0.8695768447073237
16.293282211684286,315.8389011635996,3.7206684738724976,0.4932239889219904
16.264119142303223,87.04431181263764,3.3418326625528034,0.7610225417130764
9.649535682456385,4388.6091963026975,13.189551373591371,0.648350742495885
17.36383279653786,637.9902687609466,0.3671908745575556,0.7429504040715446
8.548669139063046,623.3324886683754,1.0024353646208246,0.2537638525307754
8.214949842936605,124.31498905939672,3.6586243735840243,0.6574578430653862
7.528681845933057,1209.84462257523,8.856631642915017,0.899750321560396
15.79604192707978,242.00371381317007,1.91212570715031,0.8784597449526249
14.024731486526347,5212.62003764818,4.33752777026454,0.32840325964706846
16.537892327390615,807.3266380218631,9.800646948422312,0.6899250999185451
14.50031991616897,239.77831598567448,1.8173775439696325,0.7948395897764241
11.114369427747182,406.88509479172114,0.23058858730753318,0.9660538755623744
14.774404513026234,880.737106308415,12.799060026477477,0.8918166849558362
10.020761900687228,294.31775101293533,12.23939079850501,0.7525681958800161
14.000851858336155,534.5366018829342,1.4679542061769189,0.6361511396197006
7.661531691173643,2794.719999736563,0.04437331434284777,0.689909479692409
9.059143775591458,357.0832140036955,2.1041904007048737,0.4834312095521028
15.009065110320888,826.5616324850878,1.3521160979976885,0.9609325279847123
4.924908212001073,353.86772993564057,1.910640789405661,0.71806796190367
13.631213165376348,3049.9663073560328,1.0511893680906377,0.835460375226971
17.214461841542487,676.5863921023997,2.1322840603105195,0.14565046548905206
10.783773408559128,147.98538392338915,1.7025980450596052,0.9062046557544591
14.233061317148481,289.0936538699786,3.895888080476981,0.5387629219903588
16.39029820262606,415.3765591574346,8.787965394154813,0.928754725588533
13.671911927420243,160.95133295353082,4.459497650537949,0.5562252784003245
9.861315607752964,1473.1843235701933,7.617817680107423,0.6245978623271937
9.449604474277342,441.2610048575275,1.3835895446885473,0.4798133022200355
8.141075821291818,1431.8994495912605,4.893345899927478,0.9824727245532187
10.799113722721595,195.79518052132448,3.1735098123715666,0.663851340689947
17.63261716067218,914.827638020134,4.492896819085888,0.6673819033613925
14.592378106248303,1829.316385337726,4.006438519180437,0.8638791484654684
17.685236541992197,439.5279726060701,0.5937682388199741,0.6643637067713815
9.984127734379083,2983.960034120735,1.125004130484416,0.736437988053454
8.899030791596378,405.30480311073086,7.162028580758896,0.9006553218102407
1.848890079634094,461.3870641703387,6.435299226869586,0.711510580623153
14.13925174579892,852.2398212548571,2.9078333105894196,0.8679226459924515
7.565172891490142,2164.800764692206,0.7612577141003254,0.19354550437671225
4.3744544249622805,178.7544049032938,1.7883456801443403,0.7917719386344041
6.894984100608978,117.61147470217585,2.2055893052163595,0.7473149713343151
8.795228819213177,214.30767931834376,0.09569267402757332,0.30905346318494364
9.596428293223962,1085.0649042052773,6.498489340354087,0.7414641859207975
14.998367749859002,799.6797131206091,4.293894578164953,0.727304206082829
8.701499823914313,109.21286916370688,6.267703586044109,0.7415641560957534
16.83007225182147,900.3081894940233,4.232798641605363,0.6192043260374286
12.492222228213912,3687.960800871004,3.0699308377948213,0.9990638957750967
16.662867807597173,617.5745452458945,3.5898506849662084,0.47169488650103203
10.064030915287573,272.14012019233536,0.8968415155391147,0.7507046359408401
20.256464776252496,581.6630797036254,0.9621162136763349,0.4671447994666282
19.61406293112224,828.9984380066824,4.613503516117954,0.4779445097220763
17.48318906969925,706.7548347496717,2.7984756120464707,0.6215714779492316
14.128473478267246,215.48717755567802,1.0571777762815902,0.9414201525443066
11.946801134784542,817.0857826757021,6.702715012095076,0.8137203681193432
13.148822657656016,268.6421377078929,2.7018840745603985,0.9266738879360655
11.333373597603444,277.3454972005778,6.8606437535858475,0.8057000534394304
10.730143065336803,3048.300044949283,0.5419508598520165,0.9770653164339808
9.341568553395335,2125.8161806174667,0.8789465919596845,0.975226449040923
11.587421495456228,327.2187625063318,7.427147407648575,0.6869094348929924
16.987581416561092,226.17688402882325,0.6966938034139702,0.42779869572388335
15.47392240795486,666.367697367741,1.7989253632447377,0.985606450045695
15.686146880718876,3312.677282929542,2.729852911676404,0.35716552109535926
21.589869669001374,171.27449045520615,5.200576780957722,0.4472928782063143
15.486421218288541,597.8057170615115,3.787557915187676,0.7795608169807046
21.773624872783067,928.4878930455723,0.20081929153521194,0.5006559389401405
13.806991360837293,1906.1366256237036,2.8354377778075213,0.8862571166808372
7.100979855808852,963.1329049764462,7.807364597538139,0.9055091571930365
16.667312277191428,262.7265988139059,2.9434929239590812,0.7849248630993352
17.99002840809293,3051.2382228954853,9.088679974556651,0.8456549739046522
11.734725593762732,2423.826208499846,0.6547435940080529,0.6759438671109154
12.6785812993987,1217.6709658969046,0.26839299528996574,0.5042904130834421
7.617841465450142,287.8966023379457,5.089319344418365,0.9170449262519415
9.497393787629214,831.4428653102607,1.3745683534628101,0.8388822284747832
14.339945761204266,364.27778693628386,0.2543127621971579,0.6975384225941532
15.425074458238754,1981.7816248777674,8.452949055585185,0.892083845147873
16.412179388114772,364.2458487790583,3.0313459728917733,0.9115029039830329
21.55083932205718,653.6950624809218,5.171609961876292,0.867660245937633
9.2904910994944,480.840613465829,1.6402204013680384,0.5041188450716408
10.288549766014533,227.72257614686802,1.2582632445372608,0.6866323728303704
18.31992969160963,516.2528256175996,1.73310613628299,0.6709825009080193
7.365689869919361,1088.8773621140167,6.13976457713489,0.9234111730502425
8.284689042504999,2144.9034408098814,1.1286491220787802,0.8369420353938314
7.639140398276573,359.492203162939,8.092637925259096,0.9635548572272111
10.417991275968305,67.55394603683212,3.3606544383876766,0.7199113956829581
6.590629346705344,408.9333833391865,5.466789328549211,0.9067817787752838
14.735130481833565,272.74513279466686,2.428758450162977,0.43379438782574675
5.291621953495224,925.7809275066442,8.605816219476957,0.7103461824877465
6.968257034647593,805.9345762565946,3.4353540037583183,0.9366039164585049
18.467071814851014,4219.081720588918,0.22821029165930642,0.27109746513529004
14.79780942808686,222.93448644571345,9.582316433358631,0.9906098152301032
14.087171123784499,171.38648511100803,0.561862897161994,0.9319853752390852
13.088468481667109,669.1024143439785,1.2093520194306966,0.7326640494824199
13.635909255233745,605.643586918787,2.0643738236252203,0.9012616447385288
9.305537546390653,1027.29258291497,0.7576046921200283,0.9742365792157238
12.551661336124061,619.9694760034808,0.00235409791152672,0.99187182223197
19.412577930978678,297.3692405157503,3.8250153800249813,0.9620312733901706
17.725116899001563,606.8412248443105,5.247640726707049,0.8463203473952836
11.859391171843214,376.5846003388249,0.23222205053397907,0.7762654106306959
11.326717923890625,1017.3493409186518,0.7639646425804942,0.39349555311995216
8.260418843986102,294.7099844246102,0.28544800827165767,0.8118534508271331
6.010501527555758,505.62492878196406,0.7089091707404247,0.8159494304887593
18.60109037404449,1655.3069524492573,0.22261813741753866,0.9086428109434688
8.413352521859712,524.9591875026234,2.682097226803423,0.746336836489943
11.832781257320605,718.5200368252235,7.793656251539893,0.623470203380249
9.818489083984886,586.3598531385679,5.075322824729362,0.9785568756047762
9.404377368311867,701.6288501976236,1.989062903750076,0.5967955344106092
10.995500985827908,3755.7204921066264,0.2988081291726885,0.6224236022454861
13.939958481071464,1010.6870492857466,2.7057040900462286,0.37945864729238565
15.380913077346865,786.5668499736678,5.572342816528209,0.13010425951207782
11.054471777244672,307.63501728966736,0.311202780451826,0.7903929903369288
8.66821591726713,3090.3596429483737,1.8257450031879967,0.7844538542559367
9.99083547064598,2625.2331337659793,0.34380870107356065,0.7523831111807219
18.183502458318348,910.2346193007307,0.817924061163738,0.7951579303876807
13.853131224271273,788.8786048804369,1.8107615695730008,0.8674922476079835
16.139699723335067,2898.447392951499,2.387360866498418,0.7815030180343651
10.87144626967971,1643.2187204762186,5.721958741354816,0.900028464864705
7.5152705059382505,72.38782361547968,1.1965695769876386,0.9286273742223418
11.753664492127704,122.47587207419595,4.968281246075211,0.8230542721881502
12.266857513185593,720.0622799485569,1.1149809732268228,0.6555650646653357
3.7001352313897833,2351.270035424064,1.0157932784973942,0.9627248397566028
12.462604345813002,1646.381281197632,0.16740411312790462,0.41869990263585355
8.669698381607082,675.4180927571998,0.41884267608883885,0.9213910588146051
13.950682096924986,470.22251843966734,0.6652212358307246,0.6998148773869631
13.876006639102238,99.9805386006089,10.39602573577936,0.6788751920169821
8.908903603727138,159.0256549983892,0.39050423650904015,0.7726300392201843
16.328902079025,313.58017434775127,3.8277182916164145,0.9596707379512047
12.608629531973907,568.9994922989669,0.3509701185760841,0.5883006478317354
9.851065217731374,5493.043909002379,1.0357280372372206,0.3115011680672262
13.939558001059646,122.50060075089283,2.040882608696946,0.8603025522490859
16.51140315837603,625.1516166247196,0.25079740247779136,0.4913721618951264
14.52113925417139,379.6302998486973,3.1139375042514845,0.5571586261723768
13.00714273651851,890.5061431080915,0.7356626454682501,0.9393604250685595
13.040546750196466,1768.1774936538993,5.406226659468114,0.9492611813271683
8.662772058360062,1441.3238969260863,8.05744727688001,0.6719826546481145
9.02333322801308,741.9738078379467,1.7194816888277318,0.5927722417311415
16.713380266165103,1452.4730353075201,0.48581041208131215,0.42357376540710306
12.396950283636873,170.71995840893396,1.2259737896601974,0.9153988127193554
21.77114223756385,1021.1355235920931,3.876244922529456,0.9520259321074797
14.16926077281032,5000.206498793324,4.687367176620117,0.839123886631052
16.623308783522486,486.24360950474164,0.04470759540659641,0.9243807191997782
10.112861667297404,1796.954812023899,1.4563905988162134,0.7360551341401355
10.538171891930633,291.4285512812777,3.7978583315798327,0.5276184766318718
13.893538548581512,746.8339227569459,3.2078044158491608,0.4898839847566504
12.674631843749104,1447.0926532391882,2.4582206354001723,0.7801225723492324
11.64059680208475,283.57557970668955,0.7805578027124094,0.9977120070928164
9.145302717572477,563.0295290344384,1.8623694359832041,0.4639804623620835
10.582155931550995,424.98172289227426,6.3409641047305545,0.8984478359438665
17.046877943800077,871.6724591690022,5.866131738682372,0.3506292471320977
5.556678053829696,1847.297989313529,0.6738723796299638,0.9384071969421531
9.209025493609762,1473.1110332583771,8.005352901076426,0.9512948625730284
9.266301452156851,2331.6898794790527,6.305807082439312,0.8224354183167489
9.27764323283142,468.9081850317093,0.8849746758258942,0.553396212937807
14.069275499268358,554.3198709085285,2.819441024556726,0.8498214440613895
12.024834510094934,1089.8878039205845,0.3104795414703168,0.9337138837520437
12.596692451278836,405.3328863034612,1.217216606352874,0.7997073420677844
11.435422873882603,58.770737973473594,1.8407457914121386,0.5624043987953052
11.939174205661834,354.16485104671307,1.418312587781891,0.959345190103786
14.303744413162095,510.1634176157545,0.29244573376961663,0.6682006509864669
16.368260164538043,495.1824930465585,0.5808533312864679,0.3490596355185222
11.829012692555562,1392.502203353554,3.7952773118420655,0.6204772677089466
16.00887254450384,931.1035063521242,8.040258498881183,0.9964350006878423
16.56512369173491,255.39777696372207,1.2575334978115547,0.9825624047753433
14.137593658738165,1017.8655309928341,0.2124449555079604,0.7631331879103984
11.463894547436235,611.6374984610828,0.8389507732053272,0.19831574613539554
12.355105845717162,456.5613456354179,2.018976681659476,0.5204993460233206
14.486497657257862,693.6064646461681,2.4384840396777308,0.8713996829317043
16.62977053449217,130.95447925863638,0.36607989573806954,0.6463733007350833
20.08444235571592,1881.878069527497,0.6483193128643324,0.2590638391458174
13.825573234083773,113.0625754895365,4.066192863777014,0.8066165284047444
17.59963275627262,567.9929572179468,1.471195842276514,0.6977688523638694
14.567562481862126,1401.5173281918674,1.0845499221311377,0.9910723333660532
12.297286801733671,452.2542206052574,3.011203167248607,0.7079640466765544
9.111703533387157,738.5867712141971,0.19109651535043184,0.692521576843884
14.392231612197405,2778.874325539628,11.678195967667008,0.9413588909757424
14.010531283532144,2935.4686029108443,3.66330267748409,0.7208431054284595
12.949658298128346,1901.0826469066094,1.7351233709098453,0.7600728007315107
15.097208853868455,209.27832164956797,3.2312566094148503,0.4130419999194959
10.138740479733794,262.91040794340694,2.0295326611816766,0.8579804986422435
13.019811217527735,215.3308037749197,2.0898752009585198,0.47264868152909295
6.138166392777993,383.15273231910106,3.541088445250288,0.815822348289472
13.260975859757227,1802.4743020802462,2.437132140093552,0.4666892965021255
16.695287648684364,203.51686549883829,3.8208477790772606,0.6370473087645041
22.0513792203244,632.0024924627373,2.262727820198474,0.6927325781781862
9.86869821134033,716.5383983723327,7.237119058624754,0.7042542370461929
14.873376405354595,458.92871441130876,1.2426274453158008,0.6362258989849329
16.063513315034356,576.2358534660325,1.1155163097919774,0.917940441797967
